店名,カテゴリ,緯度,経度,住所,最寄駅,メニュー,営業時間,定休日,電話,辛さ,テイクアウト,ガイドブックページ,位置概算,公式ページ
欧風カレー ガヴィアル 神保町店,欧風,35.695795,139.758433,千代田区神田神保町1-9 KOALA BLDG.JIMBOCHO 2F,"地下鉄 神保町駅 A５,A7 徒歩1分","シーフードカレー ￥2,310 / ポークカレー ￥1,980 / チーズカレー（アーモンド添え） ￥1,760",11:00～21:00（LO20:30）,火、年末年始,03-6273-7148,調整可能,あり,26,,https://kanda-curry.com/ガヴィアル-2/
欧風カレー ソレイユ,欧風,35.68602,139.738717,千代田区二番町11-20 グンショウ二番町ビル 1F,地下鉄 半蔵門駅 5番 麹町駅 3番 徒歩3分,"黒毛和牛のビーフカレー ￥2,150（オニオンフライはプラス￥120） / 牛タンカレー温野菜添え ￥3,000 / ドライカレー ￥1,950",ランチ 11:30～15:00 (LO 14:30) / ディナー17:30～21:00 (LO 20:30),第1＆第3土曜・日・祝、お盆、年末年始,03-6261-0184,調節可能,あり,26,,https://kanda-curry.com/欧風カレー-ソレイユ/
欧風カレー ボンディ秋葉原店,欧風,35.700199,139.772049,千代田区外神田4-2-6 AKIBA426ビル2F,JR秋葉原駅 電気街北口 徒歩4分,"チーズカレー ￥1,800 / チキンカレー ￥1,800 / 野菜カレー ￥1,800",ランチ 11:00～15:00（LO14:30） / ディナー 17:00～21:00（LO20:30）,火曜日,03-5207-2968,調整可能,あり,26,,https://kanda-curry.com/欧風カレー-ボンディ秋葉原店/
欧風カレー ボンディ 神田小川町店,欧風,35.693959,139.761718,千代田区神田小川町3‐9 AS ONE ビル2階,半蔵門線、都営新宿・三田線 神保町駅 A9出口 / 都営新宿線 小川町駅 B7出口 / JR 中央・総武線 御茶ノ水駅,"チキンカレー ¥1,800 / チーズカレー ¥1,800 / 豪快スペアリブカレー ¥2,150",平日ランチ 11:00～15:00(LO14:30) / 平日ディナー 17:00～21:00(LO20:30) / 土日祝 11:00～21:00(LO20:30),年末年始,03－3295－5709,甘口・中辛・辛口から選べます,あり,27,,https://kanda-curry.com/?p=6
欧風カレー ボンディ 神保町本店,欧風,35.695631,139.757377,千代田区 神田神保町2－3,地下鉄 神保町駅 A6 徒歩1分,"ビーフカレー ￥1,800 / ポークカレー ￥1,800 / チキンカレー ￥1,800",月～金 11:00～22:00（LO21:30） / 土日祝 10:00～22:00（LO21:30）,年末年始,03-3234-2080,中辛,あり,27,,https://kanda-curry.com/?p=2887
御茶ノ水 小川軒,欧風,35.701875,139.765745,文京区湯島1-9-3,JR御茶ノ水駅聖橋口より徒歩4分 / 地下鉄新御茶ノ水駅B1出口より徒歩5分 / 地下鉄御茶ノ水駅2番出口より徒歩３分,"メインメニュー / 小川軒 欧風ビーフカレー（ランチのみ） ￥1,600 / その他メニュー / レトルトカレー ¥756～（併設ショップ） / レイズンウイッチ 1個￥250（イートイン）／15個¥1,944（併設ショップ）",月～土ランチ 11:30〜14:30（LO13:30） / 月～土カフェ 13:30〜16:30（LO16:00）,日・祝日、第３土曜、ＧＷ、お盆、年末年始,03-5802-5420,中辛,なし,28,,https://kanda-curry.com/?p=19830
お茶の水 NARU,欧風,35.699547,139.763031,千代田区神田駿河台2-1B1,JR御茶ノ水駅 御茶ノ水橋口 徒歩1分,"2種カレー ￥1,350 / 欧風ポークカレー ￥1,000 / 限定ナッツカレー ￥1,200",ランチ 11:30～14:00（LO） / ※カレーは月・火ランチのみ,ライブ開催時、祝日、年末年始,03-3291-2321,やや辛い,なし,28,,https://kanda-curry.com/?p=1280
Cafe&Bar BASE CAMP,欧風,35.702202,139.753918,千代田区三崎町2-22-8 梨本ビル1F,JR水道橋駅 東口 徒歩1分,"BASE CAMPカレー ￥1,100 / ミニカレー ￥660 / 牛すじカレー ￥935 / 鶏モモのローストとゴロゴロ野菜 ￥1,728(2019年9月時点） / 岡野家のチーズケーキ ￥540(2019年9月時点）","ランチ 火水木 11:30 ～14:00（LO13:30） / ディナー 月火水木金・祝 /  17:00 ～23:30（LO23:00）",土・日、お盆、年末年始,03-5213-4884,普通,あり,28,,https://kanda-curry.com/?p=6807
カフェ＆パブ マーキュリー,欧風,35.691986,139.758456,千代田区一ッ橋2-1-1 如水会館1F,神保町駅 A8・A9出口 徒歩4分 / 竹橋駅 1b・3a出口 徒歩4分,"ビーフステーキカレー ¥2,550 / スパイシー野菜カレー ¥1,750 / ポークカツカレー ¥1,750",11:00~22:00(LO21:00),年末年始,03-3261-1108,やや辛い,なし,29,,https://kanda-curry.com/?p=11231
CAFE & BOOKS PASSAGE bis!,欧風,35.695217,139.759168,千代田区神田神保町1-15-3 サンサイド神保町ビル3F,地下鉄神保町A7出口徒歩1分,"メインメニュー名： / bis! 出汁スパイシーカレー ￥1,350 / その他 / 各種クラフトビール ￥700～ / メルト（上質なバスクチーズケーキ） ￥750",12:00-19:00（LO18:30）,年末年始,XのDMにて,やや辛い,なし,29,,https://kanda-curry.com/?p=19812
カレーの王様 市ヶ谷店,欧風,35.691433,139.736658,千代田区 九段北4-2-15 市ヶ谷プラザ1Ｆ,市ヶ谷駅 A1出口 徒歩10秒,"手仕込みロースカツカレー ￥1,100 / 復刻王様カレー ￥750 / ラッシー ￥330","平日 11:00～22:00（LO21:30） / 土日祝 11:00~17:00(LO16:30)",年末年始,03-3262-7465,調整可能,あり,29,,https://kanda-curry.com/?p=4858
カレーの市民 アルバ 秋葉原本店,欧風,35.700547,139.770364,千代田区 外神田3-2-9,JR秋葉原駅 電気街口 徒歩5分 / 地下鉄末広町駅 3番出口 徒歩5分,"カツカレー ￥1,000 / ホームランカレー ￥1,350 / アルバカレー ￥700",11:00～21:30（LO21:00）,年中無休,03-3254-5686,やや辛い,あり,30,,https://kanda-curry.com/?p=1869
喫茶 プペ,欧風,35.692236,139.762247,千代田区神田錦町3-13-11,地下鉄竹橋駅 3B 徒歩8分,"プぺ特製カレー ￥1,100 / ドライカレー ￥1,100 / 大盛り ＋￥200",11:30～16:00（LO）,土・日・祝、年末年始,03-3295-9746,普通,あり,30,,https://kanda-curry.com/喫茶-プペ-2/
キッチンきらく,欧風,35.695571,139.759399,千代田区神田神保町1-5 M2神保町1F,地下鉄神保町A7出口 徒歩2分,"キッチンきらくのカレーライス ￥1,170～ （半カレー￥600） / キーマカレーライス ￥1,170～ / カツカレーライス ￥1,940～",月火木金 11:00～15:00（LO14:30） / 土日祝 11:00～17:00（LO16:30）,水曜日、年末年始、不定休あり,080-7293-0731,やや辛い,あり,30,,https://kanda-curry.com/きっちんきらく/
魚匠屋 神田須田町店,欧風,35.695443,139.77002,千代田区神田須田町1-14,地下鉄神田駅6番出口徒歩2分 / 地下鉄淡路町駅A1出口徒歩3分 / JR神田駅北口徒歩5分,"メインメニュー名： / 粗挽き牛肉のスパイスキーマ（ランチ） ￥1,300 / その他 / 粗挽き牛肉のスパイスキーマ（ディナー） ￥1,539 / 粗挽き牛肉のスパイスキーマ ハーフ（ディナーのみ） ￥989",平日ランチ 11:30～14:00（LO13:30） / 平日ディナー 17:00～23:00（LO22:00） / ※ディナータイム21:40が最終入店時間です,土日祝,090-9225-1755,やや辛い,なし,31,,https://kanda-curry.com/?p=19802
黒毛和牛カレー専門店 烏山カレー,欧風,35.693143,139.783988,中央区日本橋横山町8-5 日本橋88ビル1F,地下鉄馬喰横山駅A1出口 徒歩2分 / JR馬喰町駅3番出口 徒歩2分 / 地下鉄東日本橋駅B4出口 徒歩3分,"メインメニュー / 黒毛和牛スネ肉塊ビーフカレー 黒毛和牛100g ￥1,400 / その他 / 黒毛和牛スジ煮込みカレー ￥1,200 / 黒毛和牛スネ肉塊ビーフカレー 黒毛和牛150g ￥1,800",月～土ランチ 11:30〜15:00（LO14:30） / 月～金ディナー 18:00〜20:30（LO20:00）,土ディナー、日・祝,080-4591-9826,調整可能,あり,31,,https://kanda-curry.com/?p=19816
Cozy,欧風,35.691374,139.767805,千代田区内神田2-12-3,JR神田駅西口徒歩4分 / 銀座線神田駅徒歩6分 / 都営新宿線小川町駅徒歩8分,"キーマカレー ￥1,400 / チキンカレー ￥1,300 / ロースカツカレー ￥1,300",平日ランチ 10:30～17:00 / 平日ディナー 17:00～23:00（LO22:30）,土・日・祝、年末年始,03-5256-4566,中辛,あり,31,,https://kanda-curry.com/cozy/
Dining九段,欧風,35.693836,139.753362,千代田区九段南1-2-1 千代田区役所10Ｆ食堂フロア,地下鉄九段下駅5番出口 徒歩5分,カツカレー ￥690／大盛り￥790 / 野菜仕立てのキーマカレー ￥630／大盛り￥730 / 満菜カレー ￥540／大盛り￥640,ランチ 11:00～14:30（LO14:00） / ディナー 17:00～20:00（LO19:30）,土日祝、年末年始,080-6240-6151,辛くない,なし,32,,https://kanda-curry.com/dining九段/
とんかつ檍のカレー屋 いっぺこっぺ 秋葉原店,欧風,35.701905,139.76952,千代田区外神田3-5-3,地下鉄末広町駅 3番出口 徒歩3分 / JR秋葉原駅 電気街口 徒歩8分,"上ロースカツカレー ￥1,900 / ロースカツカレー ￥1,400 / 特上ロースカツカレー ￥2,500",11:00～20:00（LO）,年中無休,03-6384-0015,辛い,あり,32,,https://kanda-curry.com/?p=13372
とんかつ檍のカレー屋 いっぺこっぺ 神田小川町店,欧風,35.693789,139.765467,千代田区神田美土代町9-7 千代田21ビルディング 1F,小川町駅 B6出口 徒歩1分 / 新御茶ノ水駅 B6出口 徒歩1分,"上ロースかつカレー ¥1,800 / 上ひれかつカレー ¥1,800 / 特上ロースかつカレー ¥2,300",月～土ランチ 11:00~15:00(LO)  / 月～金ディナー 15:00~20:00(LO) / 祝 11:00~20:00(LO),日曜日、年末年始,03-5577-7444,中辛,あり,32,,https://kanda-curry.com/?p=16636
日本式カレー 弐番亭,欧風,35.696333,139.754562,千代田区神田神保町3-12-6 山瀬ビル1F,神保町駅 A2出口 徒歩2分 / 九段下駅 5番出口 徒歩3分 / JR水道橋駅 西口 徒歩11分,"タカギさん ￥2,195 / 手仕込みカツ＆揚げ卵 ￥1,199 / 目玉焼き＆赤ウィンナー ￥999",平日 11:00～16:00（LO） /  17:00～21:00（LO） / 土日祝 11:00～20:30（LO）,お盆、年末年始,080-7600-9696,調整可能,あり,33,,https://kanda-curry.com/カレーの弐番亭-神保町本店/
ハンバーグレストラン 牛舎本店,欧風,35.703247,139.770153,千代田区外神田6−5−9,地下鉄末広町駅4番出口徒歩2分 / JR秋葉原駅徒歩8分,"ハンバーグカレー ¥1,500（ランチ￥1,450） / 牛100%手ごねハンバーグ180g ￥1,250（ランチ） / 牛100%手ごねハンバーグ1000g ￥4,800",ランチ 11:30〜15:30（LO15:00） / ディナー 17:30〜21:30（LO21:00） / ハンバーグなくなり次第終了,月曜と火曜の夜、お盆、年末年始,03-6803-0529,中辛,あり,33,,https://kanda-curry.com/ハンバーグレストラン牛舎/
冒険香る Roman Kitchen,欧風,35.702034,139.775146,台東区秋葉原1ｰ5ヨリモトビル１F,地下鉄秋葉原駅A3出口徒歩7分 / 地下鉄末広町7番出口徒歩6分,"大冒険カレー ￥1,750 / 悪魔の太陽トマトチーズカレー ￥1,350 / これぞ肉食ワイルドカレー ￥1,400（ランチのみ）",ランチ 月～土 11:00～15:00（LO14:30） / ディナー月～木 18:00～22:00（LO21:30）,日、年末年始,instagramのDMにて,辛くない,あり,33,,https://kanda-curry.com/?p=18657
MAJI CURRY 神田神保町本店,欧風,35.69621,139.761375,千代田区神田小川町3-10-7,地下鉄 神保町駅A5徒歩5分 / JR御茶ノ水駅御茶ノ水橋口徒歩5分,"グランプリカレー（月～土のみ） ￥1,460 / 特製ビーフカレー（月～土のみ） ￥1,060 / チキンスパイスカレー（日曜のみ） ￥1,500 / ↓ / 毎週日曜日はスパイスカレーのみの営業となります。",11:00～21:00（LO20:30）,年末年始,03-5282-4814,中辛,あり,34,,https://kanda-curry.com/maji-curry-神田神保町店/
メキシカン酒場 皇亭ペンギン,欧風,35.693806,139.764252,千代田区神田錦町1-14-7 紅雪神田錦町ビル1階A室,小川町駅淡路町駅B7出口徒歩2分,"皇亭キーマカレー ￥1,150 / 欧風カレー ￥1,050 / やみつきタコライス 1,000",月～金ランチ 11:30～15:00（LO14:45） / 月～土ディナー 18:00～24:00（LO23:00）,日祝、第2土曜、お盆、年末年始,03-6281-7177,調整可能,あり,34,概算,https://kanda-curry.com/皇亭ペンギン/
やっぱりステーキ 神田店,欧風,35.691195,139.772493,千代田区鍛冶町2-3-14フェリスビルB1F,JR神田駅東口 徒歩3分 / JR神田駅南口 徒歩4分,"メインメニュー名： / パリパリチキンの牛すじカレー（スープ・サラダ付） ￥1,300 / その他メニュー / 牛すじカレー（スープ・サラダ付） ￥800 / 肉キングGPカレー ￥1,800",11:00～22:00（LO21:30）,年末年始,03-6285-2919,やや辛い,あり,34,,https://kanda-curry.com/?p=15001
RAKUSPA1010神田,欧風,35.698174,139.768005,東京都千代田区神田淡路町2-9-9,JR御茶ノ水駅 聖橋口 徒歩5分 / 地下鉄新御茶ノ水駅B2出口 徒歩3分 / 地下鉄淡路町駅 A5出口 徒歩5分,"近江牛サウナカレー ￥1,357 / プレミアムロースかつカレー ￥1,518 / リポスパ ￥430",11:30～24:00（LO23:00）,設備メンテナンスの為、年2回,03-5207-2683,中辛,なし,35,概算,https://kanda-curry.com/rakuspa1010神田/
レストラン フォッセ,欧風,35.692061,139.737619,千代田区九段北4-2-25 アルカディア市ヶ谷 私学会館 2F,JR市ヶ谷駅 徒歩2分 / 地下鉄市ヶ谷駅1/A1/A4出口 徒歩2分,"メインメニュー / 季節の野菜カレー（ランチのみ） ￥1,540 / その他 / オムライス ランチ￥1,320／ディナー￥1,980 / ハンバーグステーキ ランチ￥1,760／ディナー￥1,980（単品）",11:00～21:00（LO20:20） / ランチタイム 11:00～14:30（LO）,年末年始,03-6685-0542,中辛,なし,35,,https://kanda-curry.com/?p=19814
Restaurant Mari,欧風,35.696612,139.766711,千代田区神田淡路町2-21-17 DEAR淡路町 1F,地下鉄 淡路町駅A5出口 徒歩3分 / 地下鉄 新御茶ノ水駅A3出口 徒歩3分,"季節の野菜とポークカレースペシャル ￥ 1,380 / チキンカレー ¥1,250 / オムライス ¥1,350",月～金 11:00 ～ 16:30（LO16:00）  / 土曜日 11:30 ～ 15:30（LO15:00）,日・祝、年末年始,03-6271-7232,調整可能,あり,35,,https://kanda-curry.com/restaurant-mari/
アロマズオブインディア,北インド・パキスタン,35.69681,139.76937,"〒101-0041 
千代田区神田須田町1-21-4 神田NKビル",JR秋葉原駅 6分 / 地下鉄神田駅 4分 / 地下鉄淡路町駅 3分 / 地下鉄小川町駅 4分,"チキンバターマサラ ￥1,500 / チキンミルチカレー ￥1,450 / チーズナン ￥750 / ランチAセット ￥900〜",ランチ 11：00〜15：00（LO14：30） / ディナー 17：00〜23：00（LO22：30）,12/31ディナー、1/1,03-3255-6126,調整可能,あり,36,,https://kanda-curry.com/?p=6901
インド・パキスタン料理シディーク 神保町店,北インド・パキスタン,35.6957,139.756,千代田区神田神保町2-7 1Ｆ～2Ｆ,都営三田線神保町駅 Ａ1出口 徒歩1分,"ラム ニハリ（ナンorライス付） ￥ 1,600 / バターチキンカレー（ナンorライス付） ￥1,200 / マトンカレー（ナンorライス付）￥1,200",11:00～21:00（LO20:30）,年末年始,03-3511-5758,やや辛い,あり,36,,https://kanda-curry.com/?p=707
インド・パキスタン料理 スルターン 飯田橋本店,北インド・パキスタン,35.700194,139.748671,千代田区飯田橋2-9-7 東西館ビル１Ｆ,JR 飯田橋駅 東口 徒歩3分,"2種類カレーセット（ランチ） ￥1,200 / ランチ日替わりカレーセット ￥1,000 / ディナー日替わりカレーセット ￥1,260～","ランチ 11:00～17:00(LO) / ディナー 17:00～23:00(LO 22:30)",年末年始,03-3263-7631,,あり,36,,https://kanda-curry.com/?p=3058
インドレストラン マンダラ,北インド・パキスタン,35.6951,139.757664,千代田区神田神保町2-17 集英社共同ビル Ｂ1Ｆ,,"チキンバターマサラ ￥1,300（ナン別） / タンドールチキン(3ピース) ￥1,740 / インディアンサラダ ￥550",平日ランチ 11:00～15:00（LO14:45） / 平日ディナー 17:00～23:00（LO22:00） / 土日祝 11:00～22:00（LO21:00）,年末年始,03-3265-0498,辛い 辛さ調整可能,あり,37,,https://kanda-curry.com/?p=1666
ガンディーマハル,北インド・パキスタン,35.695468,139.765307,〒101-0052千代田区神田小川町1-10保坂ビル2F,"地下鉄千代田線「新御茶ノ水駅」B3出口 徒歩30秒 / 都営新宿線「小川町駅」B4出口","野菜カリーランチセット ￥990 / ディナー2種カリーセット ￥1,078 / パーティープラン1名様 ￥2,000～",ランチ 11:00～15:00（LO 14:50） / ディナー 17:00～22:00（LO 21:50）,年末年始,03-5296-1238,5段階調節可能（3辛口が人気）,あり,37,,https://kanda-curry.com/?p=595
J.Tipple Bar,北インド・パキスタン,35.698814,139.758258,千代田区神田神保町1-64 野間ビル中2階,地下鉄神保町駅 A5出口 徒歩6分 /  JR水道橋駅 東口,"J.Tippleカレー ￥1,210 / サラダ各種 ￥825～ / キリン一番搾り生ビール ￥770",月～金 17:00～翌2:00,日・祝、年末年始,03-3294-8118,辛い,,37,,https://kanda-curry.com/?p=694
ジョニーのビリヤニ神田店,北インド・パキスタン,35.690811,139.769913,千代田区内神田3-8-1,JR神田駅西口 徒歩2分,"本日のビリヤニ ￥1,500 / 本日のビリヤニ 大盛り プラス￥400 / ラッシー ￥400",11:00～15:00（LO14:30）,不定休,instagramのDMにて,中辛,あり,38,,https://kanda-curry.com/ジョニーのビリヤニ神田店/
すぱいし家,北インド・パキスタン,35.699819,139.74742,千代田区飯田橋4-2-5-102,東西線飯田橋駅 A5出口 徒歩4分  / 地下鉄飯田橋 駅 A4出口 徒歩5分  / JR飯田橋駅 西口 徒歩5分,"バナナリーフで蒸し上げたチキンビリヤニ / ランチ¥1,250／ディナー¥1,628 / 甘くない大人のバターチキン ¥1,188 / パラックパニールのソテー ¥748",平日ランチ 11:30 ~ 14:00(LO)  / 平日ディナー 17:30 ~ 22:00(LO)  / 土曜ランチ 12:00～15:00(LO14:30) / 土曜ディナー 17:30～21:00(LO),日・祝、年末年始,03-6261-7131,調整可能,あり,38,,https://kanda-curry.com/すぱいし家/
スパイスカレー アルクロード,北インド・パキスタン,35.701486,139.745874,千代田区飯田橋4-8-11,JR飯田橋駅 東口徒歩1分 / 地下鉄飯田橋駅 A4出口 目の前,"スパイスチキンカレー ￥1,200 / イカとチキンのキーマカレー 1,200 / ビリヤニ ￥1,200",平日ランチ 11:00～15:00（LO15:00） / 平日ディナー 17:30～22:30（LO22:00） / 土日祝ランチ 11:00〜15:00（LO15:00） / 土日祝ディナー 17:30〜20:00（LO20:00）,GW、お盆、年末年始,03-6272-6322,辛い,あり,38,,https://kanda-curry.com/アルクロード-飯田橋店/
スルターン カレー&ケバブ,北インド・パキスタン,35.696218,139.751341,千代田区九段北1-3-6 セーキビル1F,東西線九段下駅5番出口 徒歩2分 / 九段下駅5番出口 徒歩2分,"ニハリセット(ナンorライス、サラダ・ドリンク付) ¥1,600 / 日替わりカレーセット(ナンorライス) ランチ¥1,000/ディナー¥1,260 / ラムビリヤニ ¥1,500",ランチ 11:00 ~ 17:00(LO)  / ディナー 17:00 ~ 23:00(LO22:30),無休,03-6256-9605,調整可能,あり,39,,https://kanda-curry.com/?p=16751
タンドール料理 RB's ひつじや,北インド・パキスタン,35.693752,139.762513,千代田区神田錦町3-6-7 錦町スクエアビル1F,小川町駅 B7出口 徒歩5分 / 神保町駅 A9出口 徒歩5分,"ランチCセット(チュニジア餃子やシークカバブ付セット) ¥1,499 / タンドリービリヤニ ¥2,000 / 1カレーセット(ドリンク付) ¥1000",ランチ 11:00~15:00(LO14:30)  / ディナー 17:00~22:30(LO22:00),不定休,03-6811-0888,調整可能,あり,39,,https://kanda-curry.com/?p=16757
アジアンキッチン,東インド・ネパール,35.697317,139.754753,千代田区神田神保町2-36 片桐ビル 1F,地下鉄神保町駅A2出口 徒歩3分,"メイン / スパイス香る薬膳チキンカレー ￥1,300 / その他 / マトンハンバーグカレー ￥1,100 / カツカレー定食 ￥1,050",11:00〜22:30（LO）,不定休,03-4330-1034,調整可能,あり,39,,https://kanda-curry.com/?p=16628
インド・アジアン料理 プルナ （PURNA）,東インド・ネパール,35.6949,139.765577,千代田区 神田小川町1-8-14 神田新宮嶋ビル 2F,地下鉄小川町駅 B4出口 徒歩10秒 / 地下鉄新御茶ノ水駅 B3出口 徒歩3分,"小川町ターリー ¥1,290（ランチ） / 日替わりカレー ¥990（ランチ） / バターチキンカレー ¥1,090（ランチ）",ランチ 11:00～16:00（LO） / ディナー 16:00～23:00（LO22:30),年末年始,03-3258-5055,調整可能,あり,40,,https://kanda-curry.com/?p=2139
インド料理 ザ・タンドール,東インド・ネパール,35.690681,139.766144,千代田区 内神田1-5-11 セントラル大手町ビル1階,大手町駅 C2b 徒歩4分 / 小川町駅 A6 徒歩5分 / JR神田駅 西口 徒歩5分,"タンドールスペシャルタリ ￥1,690 / ランチカレーセット ￥980～ / ランチお持ち帰り ￥600～",ランチ（平日） : 11:00～15:00（LO） / ディナー（月～金）: 17:00～23:00（LO） / ※土日祝はランチのみの営業になります,年末年始,03-5280-1630,やや辛い,あり,40,,https://kanda-curry.com/?p=2911
Gravy,東インド・ネパール,35.694036,139.762684,千代田区神田小川町3-11-2,神保町駅A9出口より徒歩5分 / 小川町駅・淡路町駅B7出口より徒歩4分,"ベジタブルダルバート ランチ¥1,500／ディナー￥1,900 / ラムビリヤニ ¥1200～ / 2色カレーセット ¥1,000（ランチのみ）",ランチ 11:00～15:00（LO14:30） / ディナー 17:00～22:00（LO21:30）,年末年始,03-5244-5128,調整可能,あり,40,,https://kanda-curry.com/gravy/
SAINO,東インド・ネパール,35.699719,139.757691,千代田区神田猿楽町2-6-5,JR水道橋駅東口出口徒歩5分 / 地下鉄神保町駅Ａ5出口徒歩6分,"ランチスペシャルセット ￥1,100 / ランチカレーセット ￥900～￥1,050 / ターリーセット(ディナーのみ） ￥1,750",ランチ（平日） 11：00～17：00（LO） / ランチ（土日祝）11：00～15：00（LO） / ディナー 17：00～23：00（LO 22：00）,年末年始,03-3233-0855,調整可能,あり,41,,https://kanda-curry.com/saino/
SUN & MOON Asian Dining & Bar,東インド・ネパール,35.694104,139.778266,千代田区岩本町2-15-17 桃井ビル1F,岩本町駅 4番出口 徒歩6分 / 小伝馬町駅 2番出口 徒歩6分,"バターチキンカレーAセット（ナンorライス） ￥1,200（ランチ￥1,000） / バターチキンカレー(単品)ハーフサイズ ¥700 / モモ ¥700",24時間営業 / ランチ 11:00～LO15:00,無休,03-5809-1145,調整可能,あり,41,,https://kanda-curry.com/?p=16642
ダルバール,東インド・ネパール,35.691344,139.739102,千代田区九段南4-7-22 B1F,市ケ谷駅 A3出口 徒歩2分,"バターチキンカレー ¥990 / マトンサグ ¥1,090 / シーフードカレー ¥1,150",ランチ 11:00~17:00(LO16:30)  / ディナー 17:00~23:00(LO22:30),無休,03-3221-9996,調整可能,あり,41,,https://kanda-curry.com/ダルバール/
ベンガル料理 TORKARI 神保町本店,東インド・ネパール,35.697365,139.755214,千代田区神田神保町2-34 フェニックス神保町ビル1F,地下鉄 神保町駅 A2出口 徒歩2分 / 地下鉄 九段下駅 5番出口 徒歩5分,"ドス・ミシャリ・プラス（ディナーのみ） ￥2,450 / ドス・ミシャリ・プラス（ランチのみ） ￥1,750 / ボルタ・バジセット（ランチのみ）￥1,500",ランチ 11:00～16:30（LO16:00） / ディナー 16:30～22:30（LO22:00）,年末年始,03-6721-5514,中辛 ※ボルタは激辛です。,あり,42,,https://kanda-curry.com/トルカリ/
スパイシービストロ タップロボーン 神保町店,南インド・スリランカ,35.696554,139.755651,千代田区神田神保町2-6-3 早川青砥ビル1F,地下鉄神保町駅 A2出口徒歩2分 / 地下鉄九段下駅 5番出口徒歩5分,"タップロボーン ヴィーガン赤米プレート ¥1,480 / （スタンプラリー期間中のみ。ディナータイム同価格） / ランプライスチキンカレーセット ￥2,200（ディナーのみ） / ラトゥキャクルワンプレート ￥1,480（ライスのみ）",ランチ 11:30～15:30（LO15:00） / ディナー 17:30～22:30（LO22:00）,"大変申し訳ありませんが、人手不足のため、
 日曜日はお休みすることがあります。
 日曜日当日に、お電話でご確認いただけますと幸いです。
 どうぞよろしくお願いいたします。
 （20251021）
年末年始",03-6878-0196,調整可能,あり,42,,https://kanda-curry.com/?p=11092
Spice&Herb memento mori,南インド・スリランカ,35.697017,139.757173,千代田区神田神保町2-14-2F 各国ワインと蒸留酒酒場 ワイン焼酎208内,神保町駅 A4出口 徒歩1分,"3種盛りプレート ￥1,800 / 2種盛りプレート ¥1,400 / レンズ豆カレー(1種盛り) ¥1,100",11:00~14:30(LO14:00),不定休、年末年始,03-6272-5310,中辛,なし,42,,https://kanda-curry.com/?p=16745
スパイスバル BODHISENA（ボーディセナ）,南インド・スリランカ,35.69083,139.765968,千代田区内神田1-11-2 楠本第19ビル1F,JR神田駅西口 徒歩7分 / 地下鉄小川町駅A6出口 徒歩7分,"メインメニュー名： / 3種のミニカレーとビリヤニ（ランチのみ） ￥1,250 / その他メニュー / カレー1種セット（ランチのみ） ￥1,000 / ボーディセナ ミールス（ディナーのみ） ￥2,300",月～土ランチ 11:00～15:00（LO14:30） / 月～金ディナー 17:30～22:00（LO21:00）,日祝、お盆、年末年始,03-5283-5162,やや辛い,あり,43,,https://kanda-curry.com/?p=19808
Spice Box,南インド・スリランカ,35.692233,139.765894,千代田区内神田1-15-12第二斉木ビル1F,小川町駅B6出口 より徒歩3分,"2種カレーライスセット ￥1,500〜（ランチ） / ビリヤニ ￥1,958～ / カレー専用マヨネーズ ￥400（店頭にて販売中） / ※カレー専用マヨネーズをご購入でもスタンプ押します（土曜日のみ） / （20260730）",月～土ランチ 11:00～14:00（13:45） / 月～金ディナー 18:00～21:30（LO21:00） / 土ディナー 18:00～ 20:30（LO20:00） / ※スタンプ対応は土曜のみ / ※スマホ版も土曜のみ,日・祝、年末年始,03-5577-3909,調整可能,あり,43,,https://kanda-curry.com/スパイス-ボックス-（spice-box）/
TinTin SriLankan Curry,南インド・スリランカ,35.694143,139.762356,千代田区神田小川町3-11-2 インペリアルお茶の水B106,地下鉄小川町駅B7出口徒歩４分 / 地下鉄神保町駅A5出口徒歩5分 / JR御茶ノ水駅聖橋口徒歩10分,"メインメニュー名： / ティンティンカレープレート ￥1,400～ / ＋ イワシのスパイスフライ ￥400～ / その他メニュー / オプション 本日のデビル炒め ￥300～ / オプション スリランカコロッケ カトレット ￥200",火～土ランチ 11:30～15:00（LO14:30) / 火～土ディナー 17:30～22:00（LO21:30） / 日ランチ 11:30～17:00（LO16:30),"月曜日、年末年始
----------------
 7月より、お休みが増えます。
月曜日の定休日以外は、SNS等で情報発信いたします。等で情報発信いたします。
 どうぞよろしくお願いいたします。
 （20260705）",03-5921-0450,やや辛い,あり,43,,https://kanda-curry.com/?p=19806
南インドの定食と軽食 三燈舎,南インド・スリランカ,35.694784,139.762684,千代田区神田小川町3-2 古室ビル2階,神保町駅 徒歩4分 / 小川町 徒歩3分 / 御茶ノ水駅 徒歩8分,"ランチミールス ￥1,350（平日ランチタイムのみ） / サントーシャミールス ￥2,050（ディナータイムと土日ランチ） / プレーンドーサ ￥920",ランチ：11:00～15:30（LO15:00） / ディナー：17:30～22:00（LO21:00）,月曜日、夏期休暇、年末年始、臨時休業あり,050-3697-2547,やや辛い,あり,44,,https://kanda-curry.com/南インドの定食と軽食-三燈舎/
ムアンタイ～west India kitchen～,南インド・スリランカ,35.694813,139.759163,千代田区神田神保町1-35-2,地下鉄神保町駅A7徒歩3分,"南インドカレー(スープ・サラダ付) ￥1,210(ランチ） / カオソーイ(スープ・サラダ付) ￥1,210（ランチ） / タイスキミックス 1人前￥3,300(2名様〜要予約）",ランチ 11:00～15:00（LO14:30） / ディナー 18:00～23:00（LO22:00）,土・日・祝・年末年始,03-5577-7511,中辛,あり,44,,https://kanda-curry.com/タイスキレストラン%E3%80%80ムアン・タイ・なべ/
CURRY BAR CAFE 三月の水,東南アジア・中国,35.696436,139.760936,千代田区神田小川町3-14-2漢陽ビル3階,地下鉄 神保町駅 A5出口 徒歩3分,"無水ココナッツ国産牛すじカレー ￥1,530／ランチ￥1,380 / 無水ココナッツ牡蠣カレー¥1,680／ランチ¥1,530 / 無水ココナッツ豚バラ角煮カレー¥1,570／ランチ¥1,420","ランチ 11:30～14:30(LO14:00) / バー 18:30～24:00（LO23:00）",日・祝、土曜日不定休、お盆、年末年始,03-5281-7670,あまり辛くない,あり,44,,https://kanda-curry.com/三月の水/
九段下 wata軒,東南アジア・中国,35.695924,139.751722,千代田区九段北1-3-12 嘉仲ビル1F,地下鉄 九段下駅5番出口 徒歩1分,"燻製ココナッツレッドカレー ￥1200（ランチのみ） / ガパオライス ￥1,100 / おつまみカレー ￥800（ディナーのみ）",平日ランチ 12:00～15:00（LO14:30） / 月～金ディナー 17:00～24:00（LO23:00） / 土曜日ディナー 18:00～23:30（LO23:00）,土ランチ・日・祝、夏季休暇、年末年始,050-1240-3521,中辛,あり,45,,https://kanda-curry.com/?p=11874
SADEC TOKYO,東南アジア・中国,35.693289,139.766905,千代田区神田司町2-5-7,丸の内線 淡路町駅A6出口徒歩3分,"牛バラ肉カレー ￥1,500 / チキンカレー ￥1,400 / フーティウ（米麺料理）￥1,000～",平日ランチ 11:00~14:30(LO14:00)  / 平日ディナー 17:00~22:00(LO21:30)  / 土曜日ランチ 10:30~14:30(LO14:00)  / 土曜日ディナー17:00~22:00(LO21:30),日・祝、年末年始,03-5280-7115,調整可能,あり,45,,https://kanda-curry.com/?p=15403
JICCA,東南アジア・中国,35.695529,139.763514,千代田区神田小川町2-6 小池ビルB1F,地下鉄小川町駅B5出口 徒歩3分 / 地下鉄新御茶ノ水駅B3b出口 徒歩3分 / 地下鉄神保町駅A5出口 徒歩8分,"メインメニュー： / 茄子の麻辣キーマとルーローハン ランチ￥1,300／ディナー￥1,430 / その他メニュー： / キーマとルーローハン ランチ￥1,300／ディナー￥1,430 / チーズキーマとルーローハン ランチ￥1,500／ディナー￥1,650",平日ランチ 11:30〜14:00（LO13:30） / 平日ディナー 17:30〜22:30（LO21:30）,土日祝、年末年始、お盆,03-5801-6172,調整可能,あり,45,,https://kanda-curry.com/?p=19826
タイ料理ジャンピー,東南アジア・中国,35.694048,139.77014,千代田区神田鍛冶町3-5-2 工藤ビル1F,地下鉄神田駅 A4出口 徒歩2分 / JR神田駅 北口 徒歩3分 / 小川町・淡路町駅 A1出口 徒歩4分,"プーパッポンカレー（ディナー限定） ￥2,290/ハーフ￥1,880 / ガイガパオ ランチ￥1,090/ディナー￥1,260 / グリーンカレー ランチ￥1,090/ディナー￥1,260",平日ランチ 11:15～15:00(LO14:45)  / 平日ディナー 17:00～22:30(LO22:00) / 土曜ランチ 11:30～15:00(LO14:45)  / 土曜ディナー 17:00～21:30(LO21:00),日・祝、年末年始,03-6206-8987,調整可能,あり,46,,https://kanda-curry.com/?p=2250
タイレストラン メナムのほとり 神保町本店,東南アジア・中国,35.695434,139.757692,千代田区神田神保町1-13-10 西インド会社本社ビル1・2F,地下鉄神保町駅A7出口 徒歩1分,"グリーンカレー ¥1,650 / ソフトシェルのカレー炒め ￥2,200 / 豚肉入り森のカレー ￥1,760",平日ランチ 11:00～15:00（LO） / 平日ディナー 17:30～22:00（LO） / 土日祝ランチ 11:00～16:30（LO） / 土日祝ディナー 16:30～21:00（LO）,年末年始,03-3238-9597,辛い,あり,46,,https://kanda-curry.com/メナムのほとり-2/
チャントーヤ ココナッツ カリー,東南アジア・中国,35.696219,139.76302,千代田区神田小川町3-28-7 昇龍館ビル1Ｆ,ＪＲ御茶ノ水駅・聖橋口より徒歩７分 / 神保町駅・Ａ５出口より徒歩７分 / 新御茶ノ水駅・Ｂ３出口より徒歩５分 / 小川町駅・Ｂ５出口より徒歩５分,"⑫ひき肉とじゃがいもとトマトの焼チーズカリー ￥1,400 / ⑤チキンとほうれん草のふんわり卵カリー ￥1,250 / ③野菜カリー ￥1,250",平日 ランチ 11：00～15：00 / 平日ディナー 15：00～22：00（ＬＯ21：30） / 土日祝 11：00～21：00（ＬＯ20：30）,年末年始,03-5281-4747,ふつう〜激辛（選べます）,あり,46,,https://kanda-curry.com/?p=786
中国料理 翠,東南アジア・中国,35.692009,139.737698,千代田区九段北4-2-25 アルカディア市ヶ谷 私学会館 2F,JR市ヶ谷駅 徒歩2分,"翠式カリー炒飯 ¥1,210 / 龍醤担担麺(伊勢海老風味の担担麺) ¥1,430 / フカヒレ姿煮重・ランチ¥2,970/ディナー ¥3,300",ランチ 11:00~14:30(LO)  / 平日ディナー 17:00~21:30(LO20:50)  / 土曜ディナー 17:00~21:00(LO20:20),日・祝、年末年始,03-6685-0544,中辛,あり,47,,https://kanda-curry.com/中国料理-翠/
バンコックコスモ食堂,東南アジア・中国,35.69872,139.756486,千代田区西神田2-1-13 櫻井ビル1F,地下鉄神保町A4出口 徒歩4分 / JR水道橋東口 徒歩4分,"チェンマイカレー ランチ￥900／ディナー￥1,000 / カレー（グリーン＋チェンマイ）セット ¥950 / カオソイ（チェンマイカレー拉麺） ¥1,100（ディナーのみ）",平日ランチ 11:00～17:00（LO） / 平日ディナー 17:00～22:30（LO21:45） / 土日祝ランチ 11:00～15:00（LO14:30） / 土日祝ディナー 17:30～22:30（LO21:45）,年末年始,03-6261-1977,調整可能,あり,47,,https://kanda-curry.com/バンコックコスモ食堂/
バンコック ポニー食堂 岩本町店,東南アジア・中国,35.694774,139.776568,千代田区岩本町3-3-14 CMビル1F,地下鉄 岩本町駅A5出口 徒歩2分 / 地下鉄 秋葉原駅4出口 徒歩4分 / JR 秋葉原駅昭和通り口 徒歩7分,"カオソーイ ランチ￥950／ディナー￥1,100 / チェンマイカレー ランチ ¥900/ディナー¥1,000 / パネーンムー ¥950(ディナーのみ)",ランチ 11:15~15:00(LO14:30)  / ディナ 17:30~23:00(LO21:30),年末年始,03-5839-2959,調整可能,あり,47,,https://kanda-curry.com/バンコック-ポニー食堂-岩本町店/
メナムのほとり 神保町テラススクエア店,東南アジア・中国,35.693517,139.760147,千代田区神田錦町3-22 テラススクエア2F,都営三田線神保町駅A9出口徒歩２分,"メナムセット ¥1,480 / グリーンカレーセット ¥1,100 / ガパオセット ¥1,250",平日ランチ 11:30～ 15:00（LO） / 平日ディナー 17:30～22:00（LO21:00）,土・日・祝、年末年始,03-5577-4494,やや辛い,なし,48,,https://kanda-curry.com/メナムのほとり-神保町テラススクエア店/
＆スリランカTOKYO（旧RスリランカTOKYO）,スープ,35.698233,139.757185,千代田区神田神保町1-54-5 JHVビル1F,地下鉄神保町駅A5出口 徒歩３分 / JR水道橋駅西口 徒歩５分,"豚肩ロースステーキカレー ￥1,500 / ドライカレー ￥1, 100 / ガーリックシュリンプカレー ￥1,300",11:00～21:30（LO21:00）,年末年始,03-5280-7066,調整可能,あり,48,,https://kanda-curry.com/?p=15400
Eblack （エブラック）,スープ,35.693936,139.762722,千代田区神田小川町3-11 ダイワビルB1階,都営新宿線小川町駅B7 出口徒歩5分,"スープカレー ランチ￥1,100～／ディナー￥1,100 / カクテル ￥800～ / ウイスキー ￥700～","ランチ月～金 11:40～14:00 / ディナー月～金 18:00～25:00",土・日・祝、年末年始,03-3294-5671,辛い,あり,48,,https://kanda-curry.com/?p=486
オオドリー＜鴻＞ 神田駿河台店,スープ,35.696331,139.761365,〒101-0052東京都千代田区神田小川町3-10-18,ＪＲ線 御茶ノ水駅 御茶ノ水橋口、 / 都営地下鉄 神保町駅 Ａ５,"赤、黒2種スープカレー ￥1,650 / 野菜カレー（赤・黒スープ） ￥1,200 / チキンレッグカレー（赤・黒スープ） ￥1,400",10:30〜20:00（LO19:30）,年末年始,03-5280-8228,辛い,あり,49,,https://kanda-curry.com/?p=520
オオドリー〈鴻〉神保町すずらん通り店,スープ,35.695049,139.760268,東京都千代田区神田神保町1-25,地下鉄神保町A7出口より徒歩３分,"赤スープカレー炙りチキン入り ￥1,400 / 野菜カレー（赤・黒スープ） ￥1,200 / 黒毛和牛100％ハンバーグカレー（赤・黒スープ） ￥1,450",月～土ランチ 11:00～14:30（LO14:00） / 月火木金ディナー 17:00～21:00（LO20:30）,日、お盆、年末年始,03-5280-9211,普通,あり,49,,https://kanda-curry.com/?p=2619
カレー食堂 心 秋葉原店,スープ,35.70071,139.770604,千代田区外神田3-11-4 アパホテル秋葉原駅電気街口1F,地下鉄末広町駅 3番出口 徒歩3分 / JR秋葉原駅電気街口 徒歩5分,"手ごねラムハンバーグのスープカレー ￥1,850 / 1日分野菜のスープカレー ￥1,690 / もち豚ポークスパイスカレー ￥1,390",11:00～22:00(LO21:30),年末年始,03-6271-7223,調整可能,あり,49,,https://kanda-curry.com/カレー食堂-心-秋葉原店/
札幌スープカレー絲 神保町店,スープ,35.696175,139.759325,千代田区神田神保町1-6 樋谷ビル 1F・2F,神保町駅 A5出口 徒歩1分,"骨なし煮込みチキン ¥1,450 / 北海道ザンギ ￥1,400 / よくばり絲Special ￥2,950",ランチ 11:00~16:00(LO15:30)  / ディナー 17:00~21:00(LO20:30),不定休、年末年始,03-6811-0708,調整可能,あり,50,,https://kanda-curry.com/?p=16626
イチガヤキッチン ワキータ,麺・パン,35.691827,139.737902,千代田区九段北4-2-7,JR市ヶ谷駅 徒歩2分,"牛筋カレーラーメン ¥1,000 / 日替わり豚汁定食 ¥950 / 味噌豚カツ定食 ¥1,200",ランチ 11:00~14:30(LO) / ディナー 17:00~22:00(LO),土日祝、年末年始,03-6272-8329,調整可能,あり,50,,https://kanda-curry.com/?p=16729
お好み焼 ねぎ焼 十々,麺・パン,35.696263,139.761105,千代田区神田小川町3-10-15 T&AビルB1F,地下鉄神保町駅 A5出口より徒歩約3分 / JR御茶ノ水駅 御茶ノ水橋口より徒歩5分,"謹製牛すじカレーやきそば ランチ￥1,200／ディナー￥1,400 / 平日ランチ11:30～13:45（LO13:30）と平日ディナー17:30～18:45（LO18:30）（なくなり次第終了） / ぶた玉 ランチ￥800／ディナー￥1,050 / ぶたチーズ玉 ランチ￥900／ディナー￥1,250",平日ランチ 11:30～13:45（LO13:30） / 平日ディナー 17:30～18:45（LO18:30）,土日祝、お盆、年末年始,03-5577-6552,辛くない,あり,50,,https://kanda-curry.com/?p=13272
厳選煮干しらーめん 初代 にぼ助,麺・パン,35.698819,139.76426,千代田区神田駿河台2-10-6 ボルトお茶の水1階,JR御茶ノ水駅聖橋口 徒歩2分,"ミャンマーシェフ直伝 本格カレーまぜそば ￥1,500 / 特製にぼ助らーめん ¥1,350 / 特製にぼ助つけ麺 ¥1,400",平日ランチ 11:00~15:00(LO)  / 平日ディナー 17:00~22:00(LO) / 土日祝 11:00~15:00(LO),お盆、年末年始,03-5244-5499,調整可能,あり,51,,https://kanda-curry.com/?p=15484
神保町イタリアン Cuore d’oro,麺・パン,35.696778,139.758307,千代田区神田神保町1-14-16 2F,地下鉄 神保町駅 A5出口 徒歩2分,"ショートパスタと食べるスペアリブカレー ¥1,700 / 玄米のクスクスと食べるスペアリブカレー ￥1,700 / スペアリブカレー クラフトビール付 ¥2,100",火～土ランチ 11:30～13:30（LO） / ディナー 17:30～21:00（LO）,月ランチ・日・祝、お盆、年末年始,03-3518-2307,中辛,なし,51,,https://kanda-curry.com/?p=9668
蕎麦ダイニング 煉 神田店,麺・パン,35.696447,139.774289,千代田区神田須田町2-13-10 アーバイル神田EAST 1F,都営新宿線岩本町駅 A2出口 徒歩2分 / JR秋葉原駅 徒歩5分,"肉タンタンカレー蕎麦・うどん ￥1,130 / 豚バラカレー蕎麦・うどん ￥980 / 肉タンタン納豆カレーランチ（ミニ蕎麦付き） ￥1,130",ランチ 11:30～14:30（LO14:00） / ディナー 17:30～22:30（LO22:00） / カレーの提供もはランチのみです。どうぞよろしくお願いいたします。,土・日・祝、お盆、年末年始,03-5289-7630,やや辛い,なし,51,,https://kanda-curry.com/?p=9650
PIZZA K 新御茶ノ水店,麺・パン,35.696338,139.762717,千代田区神田小川町3-26-20 大築ビル1F,地下鉄 新御茶ノ水駅 B3b出口徒歩3分,"本場ネパールカレーパスタ / ￥1,400 / マルゲリータ ￥880 / ナポレターナ ￥1, 320",ランチ 月〜金 11:00～15:30（LO15:00） / ランチ 土日祝 11:30～15:30（LO15:00） / ディナー 月〜土 17:00～23:00（LO22:00）,日祝ディナー、お盆,03-5571-4391,調整可能,あり,52,,https://kanda-curry.com/pizza-k/
ブラザーズ御茶の水店,麺・パン,35.696208,139.763002,千代田区神田小川町3-28-7-102,JR御茶ノ水駅聖橋口 徒歩6分 / 地下鉄小川町駅B5出口 徒歩5分 / 地下鉄新御茶ノ水駅B3b出口 徒歩3分,"メインメニュー： / カントリーキャプテン（スパイスポークカレー）バーガー ￥2,200 / その他 / ハンバーガー ￥1,595 / チリビーンズバーガー ￥1,870",11:00～21:30（LO21:00）,1/1・1/2,03-6260-5801,やや辛い,あり,52,,https://kanda-curry.com/?p=19820
ミスターラーメン,麺・パン,35.7038,139.77243,千代田区外神田5-2-13,地下鉄末広町駅2番出口 徒歩1分 / JR御徒町駅南口 徒歩7分,"牛タンカレーまぜそば ￥1,200 / シャリシャリ冷麺 ￥1,000 / 背脂煮干しそば ￥1,000",平日 11:30～14:00（LO13:30） / 土日祝 11:30～15:00（LO14:30）,年末年始,03-5846-2929,中辛,あり,52,,https://kanda-curry.com/?p=18704
最上楽農園,麺・パン,35.692497,139.769211,千代田区内神田3-24-5 エッサム神田ホール2号館2F,JR神田駅 北口 徒歩2分 / 銀座線神田駅 2番出口 徒歩2分 / 丸ノ内線淡路町駅 A2出口 徒歩5分,"いも煮カレーうどん ¥1,500 / スパイシーカレーせいろ ¥1,100 / 牛スジ煮込せいろ ¥1,100",11:00 ~ 21:00(LO20:30),土・日・祝、年末年始(12/29~1/4),03-5298-6912,中辛,なし,53,,https://kanda-curry.com/?p=15501
ワイルドレッドパスタ神保町店,麺・パン,35.696079,139.754456,千代田区神田神保町3-2,地下鉄神保町駅A2出口徒歩2分 / 地下鉄九段下駅5出口徒歩3分,"チキンレッドカレーパスタ ￥1,280 / シメのバターライス ￥200 / からいトマトパスタ ￥990",ランチ 11:30～15:00（LO） / ディナー 17:00～21:00（LO）,日、お盆、年末年始,080-2926-4440,やや辛い,あり,53,概算,https://kanda-curry.com/?p=18679
AKL 〜カレーなる酒場〜,その他・オリジナル,35.694647,139.768093,千代田区神田司町2-10-19 1F,地下鉄淡路町駅 A1 A2出口徒歩3分 / 地下鉄小川町駅 A1 A2出口徒歩3分,カレーボウル 各種 ￥800～（ランチのみ） / カレーのあたま（キーマのルー） ￥200（ディナー） / 生ビール ￥500（ディナー）,ランチ 11:30～13:30（LO） / ディナー（立ち飲み） 19:00～21:00（LO） / ※変更する場合があるので、詳しくは、公式ホームページをご確認ください / https://aklcurry.jp/,土・日・祝、年末年始,akl.tellu@gmail.com,辛い,あり,53,,https://kanda-curry.com/?p=5151
秋葉原 カリガリ,その他・オリジナル,35.70283,139.770021,"〒101-0021
千代田区外神田3-6-9 沖村ビル1F",地下鉄 末広町駅3番 徒歩1分,"アキバ盛りカレー ￥1,460（ランチ￥1,230） / カリガリカレー ￥950（ランチ￥890） / インドカレー ￥950（ランチ￥890）",平日 11:30〜15:00（LO 14:30） /  17:00〜22:00（LO21:30） / 土日祝 11:00〜22:00（LO21:30）,年末年始,03-3527-1262,辛い,あり,54,,https://kanda-curry.com/?p=3439
居酒屋kater,その他・オリジナル,35.696056,139.774292,千代田区神田須田町2-11-8 玉甚ビルC,岩本町駅 A2番出口 徒歩1分 / 秋葉原駅 昭和通り改札 徒歩5分,"チキンキーマカレー ¥1,300 / Schweine schnitzel 定食 ¥1,500 / 自家製山椒サワー ¥768",月～土ランチ 11:30～14:00（LO13:45） / ディナー 17:30～23:00（LO22:00）,日・祝、水ディナー、お盆、年末年始,070-8975-5716,調整可能,なし,54,,https://kanda-curry.com/?p=16747
いわし料理 大松,その他・オリジナル,35.693875,139.772227,千代田区鍛冶町2-10-7 フェスタビル 1Ｆ,銀座線神田駅 3番出口 徒歩２分 / JR神田駅東口 徒歩4分,"いわしカレー ランチ￥1,200／ディナー￥1,500 / いわし刺身 ￥880 / いわし丸干し￥650",平日ランチ 11:00～13:30（LO） / 平日ディナー 16:30～21:00（LO） / 土曜ディナー 16:30～20:00（LO）,日・祝、GW、お盆、年末年始,03-3252-6540,調整可能,あり,54,,https://kanda-curry.com/?p=14295
お茶の水、大勝軒,その他・オリジナル,35.694659,139.762134,"〒101-0052
千代田区神田小川町 3-1-5 須田ビル1F",地下鉄 神保町駅 A7出口 / 地下鉄 小川町、新御茶ノ水、淡路町 B7出口 / JR御茶ノ水駅 御茶ノ水橋口,"復刻版カツライスカレー ￥1,400 / 復刻版 カレー中華 ￥1,300 / 復刻版 もりカレー ￥1,300",11:00～21:00（LO）,月、お盆、年末年始,03-3291-9933,普通,あり,55,,https://kanda-curry.com/?p=4981
cafe ＆ dining jimbocho,その他・オリジナル,35.694009,139.762715,千代田区神田小川町3-11-2 インペリアルお茶の水2F,地下鉄新御茶ノ水駅 B7出口 徒歩4分 / 地下鉄小川町駅 A6出口 徒歩5分,"ベルモットと柑橘薫るキーマカレー（写真はディナー） / ディナー￥1,650／ランチ￥1,480〜￥1,860 / ランチBセット（サラダバー、ドリンクバー、スープ付） ￥1,580 / GPカレー ディナー￥1,650／ランチ￥1,280",ランチ 11:30～15:00（LO14:30） / ディナー 18:00～22:00（LO21:00）,土・日・祝、お盆、年末年始,03-5577-6933,やや辛い,あり,55,,https://kanda-curry.com/?p=11204
カリーライス専門店 エチオピア本店,その他・オリジナル,35.696365,139.761404,〒101-0052千代田区神田小川町3-10-6,都営新宿線・三田線、東京メトロ半蔵門線 神保町駅A5出口から徒歩3分 / 東京メトロ千代田線小川町駅B5出口から徒歩4分 / JR御茶ノ水駅御茶ノ水橋口から徒歩5分,"チキンカリー ￥1,050 / 野菜・ 豆カリー ￥1,150 / インド豆のサラダ ￥250",月～土 10:10～22:30（LO 22:00） / 日・祝 10:00～21:30（LO 21:00）,無休,03-3295-4310,0（中辛）～3（辛口）～70倍,あり,55,,https://kanda-curry.com/?p=499
カレー食堂 たんど～る,その他・オリジナル,35.695089,139.760393,千代田区神田神保町1-25-5 ベラージュ駿河台1F,地下鉄 神保町駅A7出口 徒歩3分,"房総ポーク煮込カレー ¥1,380 / トマトチキンカレー ￥980 / プレーンカレー ¥680",ランチ 11:30～14:30（LO） / 月～土ディナー 17:00～21:00（LO） / 日・祝ディナー 17:00～20:00（LO）,年末年始,03-6811-0623,調節可能,あり,56,,https://kanda-curry.com/?p=15425
カレーショップ C&C 秋葉原店,その他・オリジナル,35.698475,139.775192,千代田区神田佐久間町1-24 GATO秋葉原ビル,JR秋葉原駅 昭和通り口 徒歩2分 / 地下鉄岩本町駅 A3出口 徒歩4分,"米沢牛ビーフカレー ￥1,800 / 三元豚ロースかつカレー ￥880 / プレーンカレー ￥600",平日 10:00～22:00（LO） / 土 10:00～21:00（LO） / 日祝 10:00～20:00（LO）,年末年始,03-3256-7879,調整可能,あり,56,概算,https://kanda-curry.com/?p=1752
カレーショップ C&C 有楽町店,その他・オリジナル,35.675251,139.763916,千代田区有楽町2-9-14 JR有楽町駅京橋口改札前,JR有楽町駅京橋口 徒歩1分  / 地下鉄有楽町駅D7出口 徒歩1分,"メインメニュー名： / ザ・とんかつカレー ￥1,250 / その他 / 欧風ビーフカレー ￥800 / 朝カレー ￥480（LO11:00）",平日 7:00～ 23:00（LO） / 土日祝 9:00 ～ 21:00（LO）,年末年始,03-3240-9599,やや辛い,あり,56,,https://kanda-curry.com/?p=19828
カレー屋ばんび,その他・オリジナル,35.696388,139.761267,千代田区神田小川町3-10-17 木邑ビル 1F,地下鉄神保町駅 A5出口 徒歩4分,"セレブカレー ¥1,600 / ポークカレー ¥1,250 / グリーンカレー ¥1,250",月～土ランチ 11:00～14:45（LO） / 月～土ディナー 17:00～22:00（LO） / 日祝ランチ 11:00～14:30（LO）,不定休,03-3233-0034,中辛,あり,57,,https://kanda-curry.com/?p=911
喫茶センター（神保町ブックセンター内）,その他・オリジナル,35.695749,139.757555,千代田区神田神保町2-3-1,地下鉄 神保町駅A6出口 徒歩30秒,"センターカレー ￥1,000 / カオマンガイ ￥1,250 / サバライス ￥1,250",平日 9:00～18:00（LO） / 土日祝 10:00～18:00（LO） / ※食事提供は11時から,不定休、年末年始,03-6268-9064,中辛,あり,57,,https://kanda-curry.com/?p=8272
喫茶ちそう,その他・オリジナル,35.695627,139.760783,千代田区神田神保町1-1 三省堂書店神田神保町本店3F,地下鉄神保町駅A7出口 徒歩4分,"カレー ￥1,100 / その他 / マーズサンド ￥1,100 / コンビーフサンド ￥1,600",10:00～20:00（LO19:00）,年始,03-6826-9542,中辛,なし,57,,https://kanda-curry.com/?p=19804
キッチンカロリー駿河台下本店,その他・オリジナル,35.696171,139.761345,千代田区神田小川町3-10 江本ビル1F,"JR御茶ノ水駅 お茶の水橋口 徒歩6分 / 地下鉄神保町駅 A5出口 徒歩5分","ロースカツカレー・エビフライトッピング ￥1,900 / 米沢豚のロースカツカレー ¥1,400 / カロリー焼 ¥1,000",11:00～16:00（LO）,木曜日、お盆、年末年始,03-3291-3266,普通,あり,58,,https://kanda-curry.com/?p=618
キッチンサウナ ＠サウナラボ神田,その他・オリジナル,35.692255,139.759576,千代田区神田錦町3-9 神田ポートビル,地下鉄 神保町駅A9出口 徒歩4分  / 地下鉄 竹橋駅3b出口 徒歩4分,"メインメニュー名： / ハーブのココナッツカレー ¥1,300 / その他 / カレー&ハーブティーセット ¥1,500 / カレー&ハーブティー＆サウナ90分セット ¥3,700",水曜日 11:30～20:00（LO） / 木金土日 11:30～15:00（LO） / （祝日も同じです）,月火、8/2,090-6591-5858,やや辛い,あり,58,,https://kanda-curry.com/?p=19818
kitchen 723,その他・オリジナル,35.69396,139.772154,千代田区鍛冶町2-11-17c-3,JR神田駅 東口徒歩3分 / 地下鉄岩本町駅 A1出口 徒歩4分,"ふわとろチーズチキンカレー ランチ￥ 1,500 / ふわとろチーズチキンカレー ディナー ￥1,900 / ちょい呑みセット ￥1,500",火～金ランチ 11:30～14:30（LO14:00） / 月～土ディナー 18:00～23:00（LO22:30）,日・祝、祝日の翌日のランチ、お盆、年末年始,070-1370-8712,中辛,あり,58,,https://kanda-curry.com/?p=8278
くずしわしょく香季庵 日本橋店,その他・オリジナル,35.689759,139.772249,中央区日本橋室町4-2-10 坂田ビルB1F,JR 神田駅 南口より徒歩3分 / 銀座線 神田駅 1番出口より徒歩4分 / 銀座線 三越前駅 A8出口より徒歩4分 / JR快速 新日本橋駅 2番出口より徒歩2分,"自家製 香季庵辛カレー（ランチのみ） ￥1,200 / 追いから揚げ ￥400 / ドリンク ￥300～",平日ランチ 11:30～15:00（LO14:30）,"土日祝、12/30～1/4 
 ※土日祝も営業する場合あり、スタンプラリー期間はスマホ版でお知らせいたします。",03-5551-0006,やや辛い,なし,59,,https://kanda-curry.com/?p=11437
Restaurant＆Wine グランタイム,その他・オリジナル,35.695223,139.76064,千代田区神田神保町1-19-1 1F,神保町駅 A7出口 徒歩3分,"エビとアサリのホワイトカレー ランチ￥1,450/ディナー￥1,550 / 房総ポーク生姜焼きバラ ランチ￥1,380/ディナー￥1,460 / 昭和レトロなオムレツパスタ ランチランチ￥1,480/ディナー￥1,680",月~金ランチ 11:30~16:30(LO16:00)  / 月~木ディナー 17:30~22:00(LO21:30) / 金ディナー 17:30~23:00(LO22:00)  / 土曜日 11:30~22:00(LO21:30)  / 日曜日 11:30~21:00(LO20:30),年末年始,03-6803-3966,調整可能,あり,59,,https://kanda-curry.com/?p=16738
KKRホテル東京,その他・オリジナル,35.690688,139.760616,千代田区 大手町1‐4‐1,東西線 竹橋駅 3b出口直結 / 都営地下鉄 神保町駅 A9出口徒歩5分,"ブラックビーフカレー ¥1,300(ランチのみ) / 朝食ブッフェ ¥3,500(朝食ブッフェのみ) / テイクアウトカレー ¥1,300(平日ディナーのみ)",朝食ブッフェ 6:45~9:00(LO8:30)  / 平日ランチ11:30~14:00(LO13:30)  / ※朝食ブッフェは土日祝日も営業しています。,お盆、年末年始,03-3287-2921,中辛,あり,59,,https://kanda-curry.com/?p=4573
ゴーゴーカレー 秋葉原1号店,その他・オリジナル,35.697724,139.774621,千代田区神田佐久間町1-16-1大橋ビル1F,JR秋葉原駅昭和通り口 徒歩2分,"メインメニュー名： / ゴリエもん中盛（M） ￥1,250 / その他 / ロースカツカレー中盛（M） ￥1,050 / チキンカツカレー中盛（M） ￥1,050",9:55～21:55（LO）,年中無休,03-5256-5525,調整可能,あり,60,,https://kanda-curry.com/?p=1746
ゴーゴーカレー 秋葉原中央通店,その他・オリジナル,35.699543,139.771133,千代田区外神田1-11-7,秋葉原駅電気街北口改札徒歩3分,"メジャーカレー中盛（M） ￥1,950 / ロースカツカレー中盛（M） ￥1,050 / チキンカツカレー中盛（M） ￥1,050",9:55～21:55（LO）,年中無休,03-6206-9855,中辛,あり,60,,https://kanda-curry.com/?p=1773
ゴーゴーカレー 神田駅南口パーク,その他・オリジナル,35.690875,139.771011,千代田区 鍛冶町2-1-2 鋭光ビル地下1F,JR神田駅南口すぐ,"ロースカツカレー （小盛）￥1,000 / ゴーゴーカレー （小盛）￥750 / メジャーカレー ￥1,900～",10:55～20:55（LO）,年中無休,03-6206-4355,中辛,あり,60,,https://kanda-curry.com/?p=2243
ご当地レトルトカレー専門店 カレーランド神保町店,その他・オリジナル,35.697018,139.75592,千代田区神田神保町2-10-1,地下鉄神保町駅A4徒歩2分,ご当地レトルトカレー約200種類 ￥490～ / カレーランドオリジナルレトルトカレー 多種 / 共同開発レトルトカレー 多種,13:00～17:00（変動可能性あり） / ※Googlemapで最新の営業日時をご確認ください。,"金・日、不定休あり
※Googlemapで最新の営業日時をご確認ください。",090-1964-4605,調整可能,あり,61,概算,https://kanda-curry.com/?p=18189
Komi'z,その他・オリジナル,35.69316,139.770699,千代田区神田鍛冶町3-3 カリガネビル2F,JR神田駅北口・東口 徒歩2分 / 地下鉄小川町駅A2出口 徒歩6分,淡路島産丸ごと玉ねぎカレー ¥800 / 手仕込みカツカレー ¥900 / ねぎカレー ¥750,月～金 11:00 ～ 22:00（LO21:30）  / 土・祝 11:00 ～ 20:30（LO20:00）,日、年末年始,080-2047-7647,調整可能,あり,61,,https://kanda-curry.com/?p=13349
桜日和,その他・オリジナル,35.693947,139.75354,千代田区九段南1-2-1 千代田区役所10F食堂フロア,地下鉄九段下駅 6番出口徒歩4分 / 地下鉄神保町駅 A2出口徒歩7分,〔週替わり〕ぴかいちキーマカレー ￥800 / コーヒー（アイス/ホット） ￥350 / クラフトビール ￥650,ランチ 12:00～15:00（LO） / ディナー 17:00～20:00（LO19:45）,土日祝、年末年始,メールにて sakurabiyori.chiyoda@gmail.com,辛くない,あり,61,概算,https://kanda-curry.com/?p=18677
さんとよん,その他・オリジナル,35.69967,139.745953,千代田区富士見2-4-7 島ビル2F,JR飯田橋駅 西口 徒歩4分,"あいがけカレー ¥1,300 / 野菜カレー ￥1,000 / 肉カレー ￥1,100",月～金 11:30～15:00（LO14:50）,"水・日
祝日は不定期で営業します。
【定休日変更のお知らせ】
 公式ガイドブックには、定休日を「土日祝 (特別営業あり)」と記載していますが、
 定休日が、水曜日と日曜日に変更になりました。
 また、祝日は不定期で営業いたします。
 （20260726）","メールにてお問合せお願いいたします。
3to4@320design.net",やや辛い,あり,62,,https://kanda-curry.com/?p=16264
Shapla（シャプラ）神田店,その他・オリジナル,35.692784,139.771841,"〒101-0044
東京都千代田区鍛冶町2－7－6リッツビル２F",JR神田駅徒歩１分 / 地下鉄 神田A9出口 徒歩２分,"チキンカレー ランチ￥930／ディナー￥1,130 / タイグリーンカレー ランチ￥900／ディナー￥1,089 / 日替わりランチ ￥930","ランチ 11:30～14:30 / ディナー 17:30～22:00",日曜・祝日、年末年始,03－6273－9343,辛い,あり,62,,https://kanda-curry.com/?p=6819
ジャンカレー,その他・オリジナル,35.702833,139.769738,千代田区外神田3-6-7 大西ビル1F,末広町駅3番出口より徒歩2分 / JR秋葉原駅より徒歩7分,"豚角煮カレー ￥1,300 / スパイシーキーマカレー ￥1,100 / ジャンカレー ￥700",11:30～21:00 (LO20:50),年末年始,03-3254-8833,中辛,あり,62,,https://kanda-curry.com/?p=1117
上等カレー 秋葉原店,その他・オリジナル,35.701962,139.771852,千代田区外神田4-6-1 シューマンビル1F＋B1F,"JR秋葉原駅 電気街口 徒歩5分<br / 地下末広町駅 1番出口 徒歩1分","エビカレー ¥1,300 / ハンバーグカレー ¥1,300 / トンカツカレー ¥1,200",11:00 ~ 23:00(LO22:30),無休,03-3251-2777,中辛,あり,63,,https://kanda-curry.com/?p=13135
水道橋カレー＆バル Largo,その他・オリジナル,35.701096,139.754087,千代田区神田三崎町2-11-12 ENZIN Suidobashi Bldg 2F,JR水道橋駅東口徒歩3分 / 地下鉄水道橋駅A2出口徒歩5分 / 地下鉄神保町駅A2出口徒歩10分,"Largoカレー ¥1,200 / その他 / Largo焼きカレー ¥1,200 / とまとバターチキン ¥1,200",ランチ 11:30～14:30（LO14:00） / ディナー 18:00～22:30（LO22:00）,水土日祝、お盆、年末年始,03-6272-9267,やや辛い,なし,63,,https://kanda-curry.com/?p=19794
スパイス欧風カレーPAIKAJI,その他・オリジナル,35.690456,139.740402,千代田区三番町18-19 アルテビル1F,市ヶ谷駅A3出口 徒歩4分 / 地下鉄半蔵門駅5番出口 徒歩8分,"ラフテーカレー ￥1,450 / PAIKAJIカレー ￥2,000 / ハンバーグカレー80ｇ ￥1,500",ランチ（月～土） 11:30～15:00（LO14:30） / ディナー（水～土） 18:00～21:30（LO21:00),日曜日,080-6023-0527,やや辛い,あり,63,概算,https://kanda-curry.com/?p=18672
スパイスカリー はちわん 神保町店,その他・オリジナル,35.698597,139.754337,千代田区西神田2-5-2 TASビル1F,地下鉄神保町駅A2出口 徒歩5分 / JR水道橋駅西口 徒歩7分 / 地下鉄九段下駅5番出口 徒歩9分,"メインメニュー名： / 牛肉ときのこの焦がし味噌カリー×サバとカツオ出汁のココナッツカリー / ￥1,320 / その他 / 焼肉屋のメンチカツ ￥275 / サモサ ￥198",月～土ランチ 11:00〜15:00（LO14:30）,日祝は不定休、年末年始,080-3207-4824,調整可能,あり,64,,https://kanda-curry.com/?p=19834
Spice Theater 丸の内,その他・オリジナル,35.682355,139.763973,千代田区丸の内1-5-1 新丸の内ビルディングB1F,地下鉄東京駅地下通路直結 徒歩1分 / JR東京駅丸の内北口 徒歩3分 / 地下鉄大手町駅 徒歩5分,"メインメニュー： / 神田カレーGP 限定！ ビンダル×カツカレー（目玉焼き付き）￥1,500 / その他メニュー： / ビリヤニ ￥1,650～ / 3種カリー ￥1,350～",月～土 11:00～23:00（LO22:00） / 日・祝日 11:00～22:00（LO21:00）,年末年始,03-5860-3718,調整可能（卓上チリパウダーで調整）,あり,64,,https://kanda-curry.com/?p=19517
SPICE NERD,その他・オリジナル,35.693934,139.772076,千代田区鍛冶町2-11-17,JR神田駅東口 徒歩3分 / 地下鉄岩本町駅A1出口 徒歩4分,"メインメニュー / 2種あいがけカレー ￥1,700 / その他メニュー / いりこ出汁のティムルチキンカレー ￥1,500 / 花椒バルサミコのチキン65（ディナーのみ） ￥1,000",平日ランチ 12:00〜15:00（LO14:30） / 平日ディナー 17:30〜23:00（LO22:00） / 土日祝 12:00〜23:00（LO22:00）,火曜日,03-6271-7551,やや辛い,,64,,https://kanda-curry.com/?p=19824
スパイスパレット,その他・オリジナル,35.700876,139.775845,台東区台東1-9-4 松浦ビル2F,地下鉄日比谷線秋葉原駅線 1番出口より徒歩約3分 / JR秋葉原駅 昭和通り口より徒歩約6分 / 地下鉄銀座線 末広町駅 1番出口より徒歩約8分,"チキン＆キーマ ￥1,450 / チキンカレー ￥1,250 / キーマカレー ￥1,250",ランチ(月～土）：11:30～15:00(LO14:30) / ディナー（月～金）：17:30～21:00(LO20:30),土ディナー・日・祝、年末年始,"メールでのご連絡をお願いいたします。
 spicepalette@nonde-tabete.com",中辛,なし,65,,https://kanda-curry.com/?p=10773
スマトラカレー 共栄堂,その他・オリジナル,35.696202,139.759358,千代田区神田神保町1－6サンビルＢ1,都営地下鉄三田線、新宿線、東京メトロ半蔵門線 / 「神保町駅」A５出口,"ポークカレー ￥1,300 / ビーフカレー ￥1,700 / チキンカレー ￥1,500 / エビカレー ￥1,600 / タンカレー ￥2,200 / ハヤシライス ￥1,700 / 焼きりんご（期間限定10月～5月上旬）￥700",11:00～20:00（LO19：45）,日曜（祝日は不定休）、年末年始,03-3291-1475,普通,あり,65,,https://kanda-curry.com/?p=636
ダイアモンドヘッド,その他・オリジナル,35.695265,139.765997,千代田区神田小川町1-6-7 竹田ビル1F,小川町駅 A7出口 徒歩1分 / 淡路町駅 A5出口 徒歩2分,"シュリンプカレー ￥1,650 / ガーリックシュリンプ ￥1,200 / ぷるぷるパンケーキ ￥2,600",平日ランチ 11:30~14:00(LO) / 平日ディナー 17:00~23:00(LO) / 土日祝 11:30~23:00(LO),年末年始,03-6206-8885,やや辛い,あり,65,,https://kanda-curry.com/?p=16740
大衆音楽酒場 WAKASU,その他・オリジナル,35.689779,139.768952,千代田区内神田3-4-1 勝康ビル2F,JR神田駅西口 徒歩4分 / 地下鉄大手町駅A2出口 徒歩6分,"メインメニュー名： / スパイシーチキンカレー（ランチのみ） ￥1,200 / その他： / スパイシーシーフードカレー（ランチのみ） ￥1,200 / 国産鶏の唐揚げ定食（ランチのみ） ￥1,000",火～金ランチ 11:30～14:00（LO） / 月～土ディナー 17:00～23:00（LO22:30）,日・祝、お盆、年末年始,03-4400-8099,中辛,あり,66,,https://kanda-curry.com/?p=19822
dining bar スナックゆうこ,その他・オリジナル,35.697417,139.757094,千代田区神田神保町2-24 木下ビル1F,地下鉄神保町A4出口 徒歩2分,"薬膳スパイス チキンカレー ランチ￥1,100／ディナー￥1,320 / 薬膳スパイス ポークカレー（ランチのみ） ￥1,200 / 小鉢（ディナーのみ） ￥380～",月～土ランチ 10:30〜15:00（LO） / 月～金ディナー 18:00〜24:00（LO23:00）,土ディナー・日、年末年始（祝日は不定休）,03-6272-3977,中辛,なし,66,,https://kanda-curry.com/?p=11394
Dining Bar Tigre（ティグレ）,その他・オリジナル,35.703862,139.772318,千代田区外神田5-2-14-1Ｆ,地下鉄 末広町駅2番出口 徒歩１分,"２種盛りカレー￥2,300（ランチ￥1,600） / スパイシーキーマカレー ￥1,800（ランチ￥1,400） / 濃厚エビカレー ￥1,800（ランチ￥1,400）","月～金 ランチ 11:45～14:00（LO13:45） / 月火水木 バー 18:00～23:00（LO21:00） / 金土バー 18:00～25:00（LO21:00） / 祝 バー 18:00～22:00（LO21:00）",日曜日、年始,03-5826-8098,辛い,あり,66,,https://kanda-curry.com/?p=14477
洋食膳 海カレー TAKEUCHI 神保町本店,その他・オリジナル,35.696799,139.759504,千代田区 神保町1-20-3 鈴木ビル1F,地下鉄神保町駅 A5出口 徒歩3分,"気まぐれプレート ￥1,600～ / ライオンビール ￥600 / 本日のラッシー ￥350～","10:30〜11:30にオープンいたします / カレーがなくなり次第、終了いたします",不定休、年末年始,03-3292-0523,辛い,あり,67,,https://kanda-curry.com/?p=2798
だしごはん,その他・オリジナル,35.695,139.776637,千代田区岩本町3-3-11,地下鉄岩本町駅 A5出口 徒歩2分 / JR秋葉原駅 昭和通出口 徒歩6分 / JR神田駅 北口 徒歩9分,"やきだしごはん忍者カレースパイシープラス唐揚げ ￥1,000 / 少な目－￥50、大盛＋￥100、特盛＋￥200 / 味玉変更 ＋￥100",11：30～14：30（LO）,土・日・祝、お盆、年末年始,03-3862-0768,辛くない,あり,67,,https://kanda-curry.com/?p=9666
定食屋いち,その他・オリジナル,35.69133,139.774109,千代田区神田西福田町2-3 ハトヤビル1F,JR神田駅南口 徒歩4分 / JR新日本橋駅6番出口 徒歩4分,"ドライカレー定食 ￥925 / カレーロースしょうがやき定食 ￥1,025 / マヨコーンチーズドライカレー定食 ￥975",月～金 朝 8:00～9:30（LO9:00） / 月～金 ランチ 11:00～15:30（LO15:00） / 金 ディナー 17:30～21:00（LO20:30）,土日、他はXで告知,メールにて teishoku001@gmail.com,調整可能,あり,67,概算,https://kanda-curry.com/?p=18688
鉄板居酒屋BelonBelonBooとBarボンド,その他・オリジナル,35.704207,139.775081,台東区上野5-7-7 公徳堂ビル102,JR御徒町駅 南口 徒歩4分 / 地下鉄末広町駅 2番出口 徒歩5分,"トマトと玉ねぎのスパイシーカレー ¥1,100 / 自家製お酢ジュース ¥550 / 自家製お酢サワー ¥660",火～土 18:30～翌5:00(LO翌3:00),日・月、お盆,03-5826-4885,激辛,あり,68,,https://kanda-curry.com/?p=9680
TOKYO CURRY BUCCI,その他・オリジナル,35.69952,139.747906,千代田区飯田橋1-10-1 六川ビル1F,JR飯田橋駅東口 徒歩7分 / 地下鉄飯田橋駅A5出口徒歩4分 / 地下鉄九段下駅7番出口徒歩6分,"BUCCI牛タンハンバーグＷカレー ￥1,660 / 牛タンキーマカレー ￥1,100 / 和風牛タンそぼろカレー ￥1,250",ランチ 11:00～14:00（LO） / ディナー 17:30～22:00（LO21:00）,土日祝、お盆、年末年始,03-5215-7272,中辛,あり,68,,https://kanda-curry.com/?p=15511
東京カレー屋名店会,その他・オリジナル,35.674103,139.76381,千代田区有楽町2-7-1 有楽町イトシアB1F,JR有楽町駅 D7出口 徒歩2分,"5店盛りコンボカレー ￥3,500 / 名店会オリジナル チキンカリー ￥1,050 / デリー カシミールカレー ￥1,450",11:00～23:00（LO22:30）,不定休（有楽町イトシアに準ずる）,03-3211-0616,調整可能,,68,,https://kanda-curry.com/?p=14466
トプカ 神田本店,その他・オリジナル,35.696282,139.769182,千代田区 神田須田町1-11,JR 神田駅 / 地下鉄 淡路町駅 / 新御茶ノ水駅 A3 徒歩3分,"インド風ポークカリー ￥1,300 / 純野菜カリー ￥1,250 / 欧風牛すじカリー ￥1,400",平日ランチ 11：00～15：30（LO） / 平日ディナー 17：30～22：30（LO21：30）（カレーレストラン＋居酒屋） / 土・日・祝 11：30～18：00（LO17：45）,年末年始,03-3255-0707,大辛,あり,69,,https://kanda-curry.com/?p=2196
丼達,その他・オリジナル,35.701102,139.754214,千代田区三崎町2‐11‐13 MMビル2 102,JR水道橋駅東口 徒歩2～3分,"丼達カレー ￥920 / チーズ丼達カレー ¥1,050 / 小盛り丼 100円引き",月火木金 11:30～19:30（LO） / 水曜日 11:30～17:00（LO） / 土曜日 11:30～15:00（LO）,日曜・祝日、お盆、年末年始,03‐3239‐7554,普通,あり,69,,https://kanda-curry.com/?p=6763
長崎トルコライス食堂,その他・オリジナル,35.699927,139.773083,千代田区神田練塀町8-2 ちゃばら内,JR秋葉原電気街口より徒歩2分,"カレーが主役のトルコライス ¥1,280 / ポークカツカレー ￥1,050 / スペシャル長崎トルコライス ¥1,650",11:30～21:00(LO19:30),不定休（主に月、火曜と11月の第1水曜）,03-6206-9223,調整可能,あり,69,,https://kanda-curry.com/?p=13325
新潟カツ丼タレカツ神田今川橋店,その他・オリジナル,35.690617,139.771988,千代田区鍛冶町1-7-11 KCAビル1F,JR神田駅東口南口徒歩3分 / 地下鉄神田駅1番出口徒歩3分,"カツカレー ￥1,230 / 野菜カツカレー ￥1,510 / カツと海老の合いもりカレー ￥1,660",月〜土 11:00～22:30（LO22:00） / 日・祝 11:00～21:30（LO21:00）,年末年始,03-3518-5520,中辛,あり,70,,https://kanda-curry.com/?p=18702
ハンバーグ専門店 松屋精肉店,その他・オリジナル,35.704742,139.772746,千代田区外神田5-4-2 末広ビル1F,銀座線末広町駅2番出口 徒歩5分 / JR御徒町駅南口 徒歩5分 / JR秋葉原駅電気街口 徒歩10分,"肉屋のインディアンカレー ¥1,280 / 国産牛ハンバーグ定食（2個盛）￥1,580 / 国産牛ハンバーグ定食（3個盛）￥2,080",火～金ランチ 11:30～14:30(LO14:00) / 火～金ディナー 17:30～21:30(LO21:00) / 土日祝ランチ 11:30～15:30(LO15:00) / 土日祝ディナー 17:30～21:30(LO21:00),月曜日、年末年始,03-5846-8806,辛い,あり,70,,https://kanda-curry.com/?p=15480
ヒナタ屋 神保町本店,その他・オリジナル,35.696455,139.761388,千代田区神田小川町3-10 振天堂ビル４F,JR御茶ノ水駅 / 地下鉄神保町駅A5徒歩5分,"2種のカレープレート ￥1,520 / トマトクリームカレー ￥1,200 / チキンカレー ￥1,200",月～土 11:30～15:00（L.O）,日・祝、お盆、年末年始,03-5848-7520,中辛,あり,70,,https://kanda-curry.com/?p=814
日乃屋カレー 御茶ノ水,その他・オリジナル,35.699038,139.76418,千代田区神田駿河台2-10-3,JR御茶ノ水駅 聖橋口より 徒歩30秒,"カツカレー＆カレースパゲティ ￥1,500 / 牛すじ煮込みカレー￥1,300 / チキン南蛮タルタルカレー￥1,200",平日 11:00~20:30（LO） / 土日祝 11:00～14:30（LO） / ※ルウがなくなり次第 早めに営業終了する場合がございます。,不定休、お盆、年末年始,03-6273-7539,中辛,あり,71,,https://kanda-curry.com/?p=9670
日乃屋カレー 神田,その他・オリジナル,35.694205,139.772235,千代田区鍛冶町2-11-16,JR神田駅東口 徒歩３分,名物カツカレー ¥780 / 日乃屋カレー（温玉or生卵） ¥650 / 名代上メンチカツカレー ¥780,月～金ランチ 11:00～16:00（LO15:45） / 月～金ディナー 17:00～19:30（LO19:15） / 土曜日 11:00～15:00（LO14:45）,日・祝、お盆、年末年始,03-6206-4795,やや辛い,あり,71,,https://kanda-curry.com/?p=828
日乃屋カレー 神保町店,その他・オリジナル,35.696198,139.759896,千代田区神田神保町1-4 1-4ビル1F,神保町駅 A5出口 徒歩2分,"焼きチキンカレー（平日ランチ限定） ¥1,100 / 日乃屋カレー（トッピングなし） ¥750 / 手仕込みカツカレー ¥1,100",10:00～21:00(LO),年末年始,03-6886-6015,中辛,あり,71,,https://kanda-curry.com/?p=16731
美味これくしょん神田倶楽部,その他・オリジナル,35.691522,139.763067,千代田区神田錦町2-7-22 ワールドビル1階,地下鉄大手町・竹橋・淡路町・小川町徒歩5分,"スパイス香るカレールージュ ￥1,300 / ほうれん草たっぷりグリーンカレー ￥1,300 / ビーフオムライス ￥2,950 / --------------- / 公式ガイドブック2026には、 / ほうれん草たっぷりグリーンカレーの料金が、 / ￥1,200 と記載がありますが、 / 正しくは、￥1,300 です。 / 何卒よろしくお願いいたします。 / （20260707）",ランチ 11:30〜14:30（LO 14:00） / ディナー17:00〜22:30（LO 21:15）,土・日・祝、お盆、年末年始,03-5280-5858,やや辛い,あり,72,,https://kanda-curry.com/?p=3426
ファニーティップス,その他・オリジナル,35.704365,139.772903,千代田区外神田5-5-7 パンセ秋葉原B1F,地下鉄末広町駅2番出口徒歩3分 / JR御徒町駅南口徒歩5分 / JR秋葉原駅電気街北口徒歩10分,"アサイーカレーボウル ￥1,490 / アサイーカレー＆グリークヨーグルト ￥2,000 / ミニアサイーカレーボウル（テイクアウトのみ） ￥500",8:00～14:30（LO）,火曜日、お盆、年末年始,03-6684-9954,辛くない,あり,72,,https://kanda-curry.com/?p=18668
FISH 丸の内店,その他・オリジナル,35.684064,139.766707,千代田区丸の内1-6-4 丸の内オアゾ B1F,JR東京駅 丸の内北口 徒歩1分 / 地下鉄大手町駅 B2b・B2c出口 徒歩1分,"メインメニュー： / チキンカレー（3種コンボ） ￥1,500 / （メイン：チキンカレー＋キーマカレー＋mix豆カレー） / その他メニュー： / 2代目フィッシュカレー（シングル） ￥1,400 / ポークカレー（3種コンボ） ￥1,500",11:00～21:00（LO20:30） / ※テイクアウトはLO20:30,年末年始,03-6810-2316,やや辛い,あり,72,,https://kanda-curry.com/?p=14316
豚バル ピッグテイル,その他・オリジナル,35.696499,139.761467,千代田区 神田小川町3－10 振天堂戸田ビル3F,都営新宿線 新保町駅 A5 / 中央線 御茶ノ水駅 御茶ノ水口,"豚フィレ フォアグラカレー ￥2,310 / 黒ビール豚カレー ￥1,210 / 黒ビール豚野菜カレー ￥1,320",火～土 17:05～24:00（LO23:00） / 日曜日 17:05～23:00（LO22:00）,月・祝・第3日曜、夏期休暇、年末年始,03-3295-6660,辛い,あり,73,,https://kanda-curry.com/?p=2905
べっぴん舍,その他・オリジナル,35.69587,139.761282,千代田区神田小川町3-10-1 駿台ビル2階,地下鉄 神保町駅A5出口 徒歩5分 / 地下鉄 新御茶ノ水駅B3b出口 徒歩5分 / JR御茶ノ水駅 御茶ノ水橋口出口 徒歩6分,"べっぴん牛すじカリー ￥1,300 / 赤のべっぴん薬膳カリー ￥1,100 / 黒のカシミールカリー ￥1,200",ランチ 11：00～15：30（LO15：00） / ※当面の間ランチのみ営業,月・水、夏季休業、年末年始,080-7896-5596,調整可能,あり,73,,https://kanda-curry.com/?p=4930
MITAN,その他・オリジナル,35.682701,139.764015,千代田区丸の内1-5-1新丸ビル地下1階,JR丸の内北口、地下鉄丸の内線 / 東京駅 徒歩1分,"MITAN特製ヘルシーベジタブルカレー ￥1,500（ランチのみ） / 黒毛和牛のローストビーフ ￥1,500 / ベイクドチーズケーキ ￥800",平日ランチ 11:00～14:00（L014:00） / 平日ディナー 17:00～22:00（L021:00） / 土日祝ランチ 11:00～14:00（L014:00）,不定休,03-3212-7305,やや辛い,なし,73,,https://kanda-curry.com/?p=9672
Music BAR 音STAGE 2nd,その他・オリジナル,35.691044,139.770111,千代田区内神田3-7-4 香文堂ビルB1F,JR神田駅西口徒歩1分,みなみカレー ￥930 / ハーフライスカレー ￥870 / ルーのみカレー ￥690,月～土 18:00～23:30（LO22:30） / 貸切もあるため、営業日時はHPやinstagram、Xのカレンダーを事前にご確認ください。,日祝,03-3527-1979,やや辛い,なし,74,,https://kanda-curry.com/music-bar-音stage-2nd/
モチヅキカレー,その他・オリジナル,35.703424,139.771133,千代田区外神田6-12-9 中鉄ビル1F,銀座線 末広町駅 出口4 徒歩40秒 / JR秋葉原駅 徒歩9分,チキンカレー ¥890 / ポークビンダルー ¥990 / スタンプラリー用ハーフカレーご用意あり,"月～木・土 11:00～19:00（LO18:45） / 金曜日 11:00～20:30（LO20:15）",日・祝、年末年始,mochizukicurry@gmail.com,辛くない,あり,74,,https://kanda-curry.com/?p=12913
焼肉モリちゃん 御茶ノ水店,その他・オリジナル,35.69634,139.761173,千代田区神田小川町3-10-11,地下鉄神保町駅 A5出口 徒歩4分 / JR御茶ノ水駅 お茶の水橋口 徒歩5分,"国産和牛の焼きしゃぶカレー（ランチ限定） ￥1,300 / 生卵 ￥100 / 国産和牛の焼きしゃぶ定食 ￥2,100",ランチ 11:30～15:30（LO15:00）,年末年始,03-5282-4823,辛くない,あり,74,,https://kanda-curry.com/?p=14431
やっぱりカレーは金曜日だよね,その他・オリジナル,35.692832,139.7406,千代田区九段北4-1-35 GLAX市ヶ谷102,地下鉄市ヶ谷駅 A4 徒歩４分,"月替り海自カレー＆ブルーインパルスセット ￥1,600～ / (毎月のカレーによって値段が変わります) / 月替わり海自＆選べる陸自の食べ比べカレー ￥1,500〜 / 月替り海自カレー（単品） ￥1,150～",月～金 11:00～20:30(LO20:00) / 土曜日 11:00～18:30(LO18:00),日曜日、お盆、金曜日以外の祝日,03-6380-8666,調整可能,あり,75,,https://kanda-curry.com/やっぱりカレーは金曜日だよね/
肆-YON-,その他・オリジナル,35.695793,139.758453,千代田区神田神保町1-9-23,地下鉄神保町駅A7出口徒歩1分,"サバキーマ ￥1,500 / 肆オリジナルサバカレー ￥1,400 / スパイスおつまみ三点盛り ￥1,400",ランチ 11:30～14:00(LO) / カフェ 14:00～17:00 / ディナー 17:00～23:30（LO22:30） / ※営業時間の変更は、instagram や X でお知らせします。,"不定休 
 ※休業日はSNSでお知らせします。",03-5801-6464,やや辛い,あり,75,概算,https://kanda-curry.com/?p=18682
ラホール 外神田店,その他・オリジナル,35.701039,139.770863,千代田区外神田3-10-9木村ビル1階,秋葉原駅電気街口 徒歩5分 / 地下鉄末広町駅 3番 徒歩2,"﻿ブラックほうれん草カレー ¥1,080 / 日本風チキンカレー ￥900 / インド風カツカレー ￥980",11：00～20：00（LO19：30）,火曜日（祝日の場合は翌日）、お盆、年末年始,03-3251-9030,調整可能,あり,75,,https://kanda-curry.com/?p=1785
lei 小麦を使わない国産ビストロ,その他・オリジナル,35.699192,139.77597,千代田区神田和泉町1-13-11 和泉町中央ビルB1F,JR秋葉原駅 昭和通り口 徒歩6分 / 地下鉄秋葉原駅 1番出口 徒歩5分 / 地下鉄岩本町駅 A4出口 徒歩9分,"もち豚燻製カレー ￥1,200 / オムレツカレー ￥1,350 / もち豚の燻製サラダプレート ￥1,200",月～金ランチ 11:30～14:00（LO13:30）,土・日・祝、年末年始、不定休,080-2595-5464,やや辛い,あり,76,概算,https://kanda-curry.com/?p=18693
RESTAURANT 1899 OCHANOMIZU,その他・オリジナル,35.696436,139.765711,千代田区神田駿河台3‐4,地下鉄千代田線 新御茶ノ水駅 B3a出口 徒歩1分 / 地下鉄丸の内線 淡路町駅 B3a出口 徒歩1分,"1899和出汁キーマカレー ￥1,200 / 国産牛ステーキ膳 ¥1,880（数量限定） / 抹茶味噌の鯛茶漬け ¥1,380",ランチ 11:00～14:00（LO13:30） / カフェ 14:00～17:30（LO17:00） / 月～土ディナー 17:00～22:00（LO21:30）,日と祝日のディナータイム、年末年始,03-3251-1150,辛くない,あり,76,,https://kanda-curry.com/?p=11357
レストラン エフ（主婦会館プラザエフ）,その他・オリジナル,35.686003,139.731916,千代田区六番町15番地 主婦会館プラザエフ2F,JR四ツ谷駅麹町口 徒歩1分 / 南北線四ツ谷駅3番出口 徒歩3分 / 丸の内線四ツ谷駅1番出口 徒歩3分,"南極シェフの特製エフカレー（サラダ、スープ付） ￥1,650～ / 肉、魚選べる日替わり平日限定ランチ ￥1,650～ / 日替わりパスタランチ ￥1,430～",ランチ 11:30～14:00（LO13:45） / カフェ 14:00～17:00（LO16:30）,お盆、年末年始,03-3265-8115,辛くない,あり,76,,https://kanda-curry.com/?p=11426
